"Subject","Comments"
"2110_1TH1336_(BT)_02",""
"2110_1TH1349_(BT)_02",""
"2110_1TH1359_01",""
"2110_1TH1335_01",""
"2110_1TH1324_01",""
"2111_ABC_XYZ",""
"2111_1TH1111_01",""
"2121_2121(BT)",""
"TTT1",""
"2110_1TH1376_01",""
"TTT3",""
"2110_1TH1333_02",""
"TT3(BT)_2",""
"TCC1",""
"2110_1DT1304_01",""
"2110_1DT1505_01",""
"2110_1DT1503_01",""
"2110_1DT1611_01",""
"2110_1DT1610_02",""
"2110_1DT1213_01",""
"2110_1DT1211_02 ",""
"2110_1DT1334_01 ",""
"2110_1TH1338_01",""
"THUT_1",""
"THUT_2",""
"LTCB_1",""
"LTCB_BT_1",""
"ATTT_1",""
"ATTT_(BT)_5",""
